Institution,Latitude,Longitude
"Chinese Academy of Sciences *",39.90933665,116.32971461228999
"Ministry of Education of the People's Republic of China",39.9123594,116.3630676
"Centre National de la Recherche Scientifique *",45.203783,5.699868499221769
"Harvard University *",42.365743249999994,-71.12221394207614
"University of Chinese Academy of Sciences",40.00219645,116.37340518470755
"Tsinghua University *",40.002290450000004,116.3209629696906
"Harvard Medical School",42.336831849999996,-71.10380921118058
"Zhejiang University *",30.521595,120.7195312
"Helmholtz Gemeinschaft *",52.5208636,13.4017448
"Russian Academy of Sciences *",55.71080885000001,37.57896991984255
"Shanghai Jiao Tong University *",31.200891149999997,121.4283949471511
"National Institutes of Health",39.00001425,-77.10400394523563
"DeepMind",53.5405756,-113.4926313
"Peking University *",39.99171495,116.30393496863539
"Stanford University *",37.431313849999995,-122.16936535498309
"State Grid Corporation of China *",39.7652609,116.4697967
"University of Oxford *",51.75870755,-1.2556684826092037
"American Cancer Society",42.0206192,-91.6323426
"Johns Hopkins University *",39.33020225,-76.62185357858337
"Consejo Superior de Investigaciones Cientificas *",40.4407145,-3.687401374378301
"University College London *",51.52420305,-0.13300072425929543
"Institut National de la Sante et de la Recherche Medicale *",48.11920765,-1.696073977992143
"Massachusetts Institute of Technology *",42.3582529,-71.0966272383055
"University of Toronto",43.663461999999996,-79.39775966248058
"University of Washington *",47.65566435,-122.30270718903485
"University of Michigan, Ann Arbor *",42.2942142,-83.71003893509601
"Huazhong University of Science and Technology *",30.52021715,114.41184627402748
"Microsoft Corp *",33.790514599999995,-84.39400316991377
"University of Pennsylvania *",39.9493382,-75.1896439962691
"Allen Institute for Artificial Intelligence",47.6486874,-122.3318632
"Cornell University *",42.4529076,-76.48008423030923
"Max Planck Gesellschaft *",48.1410124,11.58209762239434
"Columbia University *",40.80775585,-73.96164946987652
"Universidade de Sao Paulo *",-21.999246,-47.93070696008918
"University of Cambridge *",52.210945550000005,0.09200497637871279
"University of California, Los Angeles *",34.070877749999994,-118.44685070595054
"University of Melbourne *",-37.8038271,144.9597056360034
"Sichuan University *",30.56018625,103.99730290903247
"National University of Singapore *",1.2962018,103.77689765953073
"Imperial College London",51.4989595,-0.17564069276310426
"Sun Yat-Sen University *",23.09960335,113.29235087324346
"University of California, San Diego *",32.87924375,-117.23112468377349
"Yale University *",41.25713055,-72.98966960152231
"Fudan University *",31.30116485,121.49808756382322
"University of Amsterdam *",52.36813335,4.889804155733945
"University of California, Berkeley *",37.875499649999995,-122.23906851395179
"University of California, San Francisco *",37.762725700000004,-122.45825681806235
"University of Sydney *",-33.88888125,151.18941425705117
"Massachusetts General Hospital",42.36286045,-71.06875296664998
"Harbin Institute of Technology",45.741589,126.62556263488914
"Howard Hughes Medical Institute *",38.99847895,-77.07955291196242
"Mayo Clinic *",44.8821876,-91.901887
"Xi'an Jiaotong University *",31.27217325,120.73679031822311
"Instituto de Salud Carlos III *",40.458841500000005,-3.8649465199302897
"University of Chicago *",41.79139685,-87.60084387193544
"IBM United States",35.915877699999996,-78.85745262529429
"National Library of Medicine",38.99569835,-77.09888932611798
"IBM Research *",37.21134775,-121.80832462522726
"Tianjin University *",39.108772200000004,117.16467825036814
"University of New South Wales *",-33.91759945,151.23126487290787
"Monash University, Melbourne *",-37.8774234,145.04496691740303
"Assistance Publique Hopitaux de Paris *",48.850724,2.3518758
"Duke University *",36.00015569999999,-78.94422972195878
"Microsoft, USA",37.3974949,-122.0842646
"Huawei Technologies Co Ltd *",22.652412400000003,114.0557430244003
"University of North Carolina, Chapel Hill *",35.915317,-79.04864320482392
"International Agency for Research on Cancer",45.72715435,4.826005440456753
"Brigham and Women's Hospital *",42.3356871,-71.10603595371349
"Microsoft, China",31.020876549999997,121.44633128739031
"Sorbonne Universite *",48.8497017,2.383823836078686
"The University of Queensland *",-27.49741805,153.01316955983583
"University of Tokyo *",35.71171565,139.76374569517452
"Wuhan University *",30.537354049999998,114.36152031917142
"Northwestern University, Evanston *",42.0557157,-87.67529454739416
"NEC Corporation of America",40.8499964,-81.4252673
"South China University of Technology",23.1549709,113.3422197
"New York University *",40.729205300000004,-73.99501481290962
"Vrije Universiteit Amsterdam *",52.3340539,4.865188201518784
"Seoul National University *",37.36512945,126.71686180201053
"Consiglio Nazionale delle Ricerche *",44.4242871,8.8817623
"Jilin University *",43.880145999999996,125.30115101345075
"Southeast University, Nanjing *",32.05764775,118.78828187958575
"Nanyang Technological University *",1.3484104000000001,103.68293320728537
"Tongji University *",31.27369175,121.38566174235456
"Shandong University *",36.36553935,120.68458591160784
"University of Wisconsin, Madison *",43.080274450000005,-89.43095871991434
"Utrecht University *",52.0832758,5.1478185
"Swiss Federal Institute of Technology",47.0023402,8.332862639074161
"European Molecular Biology Laboratory Heidelberg",49.38517905,8.709941940462343
"Ohio State University, Columbus *",40.00570905,-83.02866280407744
"Kings College London",51.514331600000006,-0.10750152729540921
"University of Electronic Science and Technology of China *",30.7444222,103.9271246
"University of Science and Technology of China *",31.839071949999997,117.26420747857581
"Singapore Immunology Network",1.3019927,103.7937682
"Medical Research Council",13.4739376,-16.688387496946167
"National Institute of Allergy and Infectious Diseases",39.06346395,-77.11188848109666
"University of Copenhagen",55.6801502,12.57232700140625
"The University of Edinburgh *",55.948366449999995,-3.185681320007981
"BeiHang University *",39.9809427,116.34097867654876
"Dana Farber Cancer Institute ",42.33763395,-71.10767076888024
"McGill University *",45.50688675,-73.57908551043636
"University of California, Davis *",38.533790350000004,-121.79075439946112
"University of Florida *",29.6328837,-82.34901302237435
"Memorial Sloan-Kettering Cancer Center",40.7644418,-73.95695491103503
"The University of British Columbia",49.24402705,-121.7638096066843
"Stanford Medicine",37.425078850000006,-122.1440291
"Scripps Research Institute",32.8984967,-117.2428803
"University of Pittsburgh *",40.44415295,-79.96246095144505
"Leibniz Gemeinschaft *",52.4119214,9.7324829
"Universite de Paris Cite *",48.8188283,2.3387197360823997
"The University of Manchester *",51.57236815,-1.3114536688023473
"University of Southern California *",34.02186895,-118.285857923125
"University of Illinois at Urbana-Champaign *",40.090629199999995,-88.17641799034426
"Washington University in Saint Louis *",38.64724015,-90.3084017323959
"Pennsylvania State University *",40.8025835,-77.85593833184565
"Wellcome Trust Sanger Institute",52.0794415,0.18466895558217306
"F Hoffmann-La Roche *",47.53604505,7.739951640901946
"Technische Universitat Munchen *",48.2655696,11.669345610437997
"University of Texas, Austin",30.2851494,-97.73393515146053
"Universite Paris-Saclay *",48.7119486,2.1715347
"The Chinese University of Hong Kong *",22.4201838,114.20791453524086
"Emory University *",33.80045465,-84.31723780466274
"Weill Cornell Medicine",40.786993,-73.9780184
"Mitsubishi Electric Research Laboratories",42.3661267,-71.0924044
"National Cancer Institute",45.47499995,9.231367969710988
"Karolinska Institute",59.219549549999996,17.94005487275674
"Novartis Institutes for Biomedical Research, United States",42.360998800000004,-71.09749149838083
"Wellcome Trust",51.525543299999995,-0.1348863702569768
"Toyota Group *",39.6273571,-84.2267756
"J. David Gladstone Institutes",37.76763555,-122.39434725000001
"Columbia University Irving Medical Center",40.841983600000006,-73.94368970717716
"Max Planck Institut fur Informatik",49.257938550000006,7.0457777378498285
"Samsung Electronics, South Korea",36.7699807,127.0630792
"Nanjing University *",32.0565957,118.77408832807794
"Cold Spring Harbor Laboratory",40.860526699999994,-73.4689894215743
"Beijing Institute of Technology",39.9578214,116.3098236715735
"IBM Switzerland",47.3933461,8.4857749
"Ministry of Agriculture",-20.234557600000002,57.49430642606765
"Universitat de Barcelona *",41.38685955,2.163478411827376
"University of Groningen *",53.21944155,6.562986329174857
"Vanderbilt University *",36.14380105,-86.80281889095295
"Universita degli Studi di Milano",45.4601184,9.19533637181449
"Purdue University",40.430028,-86.92642114650494
"Universita degli Studi di Roma La Sapienza",41.918867,12.480556
"Zhengzhou University *",34.7828929,113.65640526759447
"Georgia Institute of Technology *",33.776094799999996,-84.3988076699857
"Boston University *",42.3504324,-71.10170122505716
"Cancer Research UK",51.0058724,-2.1973117
"Erasmus University Rotterdam *",51.9176312,4.525962326490774
"Chinese Academy of Agricultural Sciences *",39.96101275,116.32341945750878
"Qualcomm Inc *",37.3648831,-121.91469533747278
"Carnegie Mellon University *",40.444189699999995,-79.94271918393466
"LG Corporation *",10.8269164,78.6909738
"Universidad Nacional Autonoma de Mexico",19.32160295,-99.18493018260631
"Northwestern Polytechnical University",34.2469224,108.91062353292654
"University of Alberta",53.52682,-113.5244937350756
"Universitat Autonoma de Barcelona *",41.50155265,2.106260723986069
"Ericsson *",50.8400881,4.3722797
"Academisch Medisch Centrum",51.8227627,5.862234169234153
"Ericsson Sweden",59.4036191,17.9510289
"Leiden University *",52.1572025,4.485216803828298
"Yonsei University *",37.280096549999996,127.90150303233045
"The University of Hong Kong *",22.28269745,114.13845499995571
"Centers for Disease Control and Prevention",-6.8124389,39.2972037
"AstraZeneca *",59.177073,17.67918836111369
"United States Department of Agriculture",38.887841249999994,-77.02999395373052
"Consejo Nacional de Investigaciones Cientificas y Tecnicas *",-42.7862795,-65.00766336368035
"Aarhus University *",56.1670905,10.202617693592895
"Dalian University of Technology *",38.8812564,121.52015999053627
"NEC Corp *",10.00939395,122.81880159277492
"Polish Academy of Sciences *",52.2377936,21.0181978
"Wistar Institute",39.95118895,-75.19587878949542
"Icahn School of Medicine at Mount Sinai",40.789793,-73.95325355721154
"Soochow University, Suzhou *",31.3157502,120.64054611246735
"Washington University Medical Center ",47.649411549999996,-122.30763828060392
"Chongqing University",29.5699826,106.4597701
"Samsung Research, South Korea",35.22831005,126.84312770576273
"Salk Institute for Biological Studies",32.8876113,-117.24534572827241
"University of Helsinki",60.22672205,25.017670049469757
"Ghent University",51.00784845,3.710883068491984
"Gilead Sciences *",48.8260467,2.2337316
"Microsoft, United Kingdom",51.51500405,-0.1422825722054385
"University of Liverpool *",53.40724285,-2.965833661018871
"Universitat Zurich",47.373773549999996,8.550954999703729
"University of Maryland, College Park *",38.9784587,-76.9282678
"Qualcomm Inc, USA",37.3648831,-121.91469533747278
"Deutsches Krebsforschungszentrum",49.414429850000005,8.672379546274493
"Sanford Burnham Prebys Medical Discovery Institute",32.9011573,-117.2419808
"Bristol-Myers Squibb Company *",41.4848135,-72.7563901252857
"Woodruff Health Sciences Center",33.79450035,-84.32186147374583
"Texas A&M University, College Station *",30.6108618,-96.35206061388457
"Cleveland Clinic *",41.50217195,-81.61981946090904
"University of California, Irvine *",33.64294685,-117.84016055716225
"Kyoto University *",35.0229299,135.777149
"Arizona State University *",33.4213174,-111.93316305413154
"Duke Medicine",36.0057116,-78.9362245
"University of Nottingham *",52.9387428,-1.2002956927457427
"Michigan State University",42.70237935,-84.48038686520441
"Universita degli Studi di Padova",45.406649599999994,11.87744071225941
"Nankai University *",39.101985,117.1609501175526
"University of Utah *",40.762813699999995,-111.83687191368261
"Korea University *",36.6108905,127.2934246
"NYU Langone Health",40.7434467,-73.9722189
"Fred Hutchinson Cancer Research Center *",47.6277525,-122.33067301841714
"Lunds University",55.7126504,13.210758659399971
"Ecole Polytechnique Federale de Lausanne",46.518659400000004,6.566561505148001
"Centre de Visio per Computador",41.500923,2.1116232
"Shenzhen University",22.53590225,113.93147487492186
"University of Birmingham",52.4522956,-1.9312856726008194
"Max Planck Institut fur Intelligente Systeme",48.7467743,9.0806663
"University of Glasgow *",55.872614850000005,-4.290156802604651
"National Aeronautics and Space Administration *",38.88290415,-77.01635171548944
"Charite - Universitatsmedizin Berlin *",52.5299885,13.34866394036122
"University of Oslo",59.9414173,10.722768340750914
"Princeton University",40.33867515,-74.65836549131683
"California Institute of Technology *",34.13701375,-118.12528833668254
"Genome Institute of Singapore",1.3028077,103.7925131
"Delft University of Technology",51.99882735,4.373960368154041
"University of Calgary *",51.07505395,-114.13876168856827
"Beijing University of Posts and Telecommunications",39.960201350000006,116.35193481845945
"Universidade de Lisboa *",38.7525379,-9.156845594636383
"Translational Genomics Research Institute",33.4530732,-112.06702371897413
"Ludwig-Maximilians Universitat Munchen *",48.15047575,11.579835648337658
"UC San Diego Health System",32.8914396,-117.20308930883832
"University of Arizona *",32.23563985,-110.9517440773026
"National Centre for Infectious Diseases",1.3213943499999998,103.8478198439237
"Children's Hospital Boston  *",42.3373219,-71.1057039092664
"Xidian University",34.1251589,108.82896528504287
"King Saud University *",24.72468015,46.623335471092965
"Sanofi, United States",32.44091995,-110.94119071580637
"Hong Kong Polytechnic University",22.302644,114.1776025
"University of Bristol *",51.4905582,-2.6304824978595356
"Universite PSL *",48.854654,2.3378386313969113
"National Heart Lung and Blood Institute",28.6417112,77.2053896
"Pfizer *",51.06698175,4.309766853426661
"University of Colorado, Denver *",39.7428324,-105.00591517760857
"University of Leeds",53.80677435,-1.5562877504739676
"Jackson Laboratory",42.16483265,-84.40461874989381
"Xiamen University *",24.4399419,118.09301780912739
"Technical University of Denmark",55.785414450000005,12.520215144442094
"Universidad Complutense de Madrid *",40.4314742,-3.7900439484094033
"Institute for Systems Biology",47.6226477,-122.337417
"Bristol-Myers Squibb Company, United States",41.4848135,-72.7563901252857
"University of Virginia *",38.0410576,-78.50550841214823
"Jiangnan University *",31.48512185,120.26733518229403
"Korea Advanced Institute of Science and Technology *",36.3697191,127.36253700115094
"Novo Nordisk *",-25.5253598,-49.34442264946384
"Novartis *",53.58749505,-0.1139565112232947
"Hunan University",28.183548,112.941375
"Newcastle University, Newcastle upon Tyne",54.98017505,-1.6146802127187847
"Mitsubishi Corp *",28.4087644,36.5413744
"GlaxoSmithKline *",24.9074062,66.98409510058781
"Max Planck Institut fur Biochemie",48.1046653,11.460905249978497
"Johnson & Johnson *",41.65426035,12.481671879346901
"GlaxoSmithKline, United States",35.8302505,-78.32840391737184
"The Francis Crick Institute",51.53154585,-0.1287946136708145
"Universidad Autonoma de Madrid *",40.5453765,-3.6949577655963672
"Institut Pasteur de Paris",48.840965,2.3102780006398307
"Tel Aviv University",32.112382249999996,34.80501795095419
"Universitat de Valencia *",39.471889,-0.3731387156525182
"University of Colorado, Boulder *",40.00759835,-105.26910078017822
"National Taiwan University",25.01688615,121.53852099555085
"Centro Nacional de Investigaciones Oncologicas",40.4764055,-3.6940977318821826
"Sanofi *",47.42964485,0.6951806340952112
"The University of Sheffield",53.3806759,-1.4840345
"University of Waterloo *",43.4701994,-80.54524293779451
"Max Planck Institut fur Molekulare Genetik",52.4446554,13.27290391241048
"North Carolina State University",35.7714749,-78.6741935
"Toyota Research Institute, USA",37.40253645,-122.1165510679842
"AstraZeneca, United Kingdom",52.19048375,0.13431920851875245
"Universidade do Porto *",41.17854255,-8.602223653980307
"Janssen",-38.8958839,-70.0429417
"Institut Catala de la Salut Barcelona *",41.3877834,2.1656594
"Microsoft Research Cambridge, UK",52.194951450000005,0.13501083507603753
"University of Southampton",1.42991655,103.61217722346026
"Lawrence Berkeley National Laboratory *",37.87695875,-122.24563027311041
"Fraunhofer Gesellschaft *",50.749295849999996,7.20359822317158
"Fujitsu *",40.7316717,19.568208
"Max Planck Institut fur Medizinische Forschung",49.412056050000004,8.676032909136872
"Orange SA, France",44.1371311,4.8078783
"Universita degli Studi di Firenze",43.7761532,11.2630543
"Fraunhofer Institut fur Nachrichtentechnik Heinrich Hertz Institut",52.516441900000004,13.324879397930594
"Eli Lilly *",51.3765655,-0.6769837261146493
"Universitat Hamburg *",53.5909051,9.975375829413123
"University of Michigan Health System",42.43877445,-83.37609193265894
"World Health Organization *",-6.8121523,39.2968162
"Uppsala University",59.841953700000005,17.634420389231323
"Jiangsu University *",32.203186900000006,119.50964761206887
"Universitat Heidelberg",49.419318849999996,8.670203914194405
"Vanderbilt University Medical Center",36.14092375,-86.80163418092431
"Alibaba Group *",30.191911,120.18482169614718
"Osaka University *",34.51119925,135.63144797553792
"City University of Hong Kong *",22.3400204,114.16971664362887
"AstraZeneca, United States",39.12824085,-77.23206438748869
"University of Rochester *",43.1226985,-77.6307297
"McMaster University *",43.263939699999995,-79.917825231868
"Baylor College of Medicine",29.710515899999997,-95.39581557710214
"Robert Bosch *",48.4832255,10.0557849
"University of Technology, Sydney",-33.88325365,151.20032937174193
"Brown University",41.8186395,-71.4088008716793
"The University of Western Australia",-35.0274825,117.8871021
"University of Texas Southwestern Medical Center ",32.812043,-96.84172013349793
"China Agricultural University",40.02522795,116.27454051989938
"Academy of Sciences of the Czech Republic *",49.2073506,16.614188529653255
"University of Illinois, Chicago *",41.8686978,-87.67344195196993
"Sungkyunkwan University",37.3003187,126.9697911
"Novo Nordisk A/S",50.460969399999996,30.520658913549134
"Nokia, United States",37.3762847,-122.03402171255057
"King Abdullah University of Science and Technology",22.32237535,39.11738351837985
"Institute of Cancer Research",51.344915,-0.1886038362327465
"Zhejiang University of Technology",30.22119745,120.01547759603594
"Cardiff University",51.4894008,-3.180860341001922
"Norwegian University of Science and Technology",63.44802385,10.453639414751784
"Universita degli Studi di Torino",45.068141350000005,7.694820625817451
"Jinan University *",23.1334847,113.34281805234318
"Amgen *",23.0726689,72.59411666990866
"Virginia Polytechnic Institute and State University *",37.22192675,-80.42728184013652
"Nanjing University of Aeronautics and Astronautics",32.03741895,118.81535367339066
"Case Western Reserve University",41.50138695,-81.60070216600491
"University of Iowa *",41.631102350000006,-91.54075201642047
"Centro de Biologia Molecular Severo Ochoa",40.550004,-3.6906069246794875
"University of Alabama, Birmingham *",33.5016153,-86.80604756076488
"University of Maryland, Baltimore",39.289447800000005,-76.62630185349286
"National Institute of Biological Sciences, Beijing",40.0958418,116.2723146
"Canon Inc *",22.2401166,113.54842742577638
"Universitat Bern *",46.95097255,7.438684130809055
"University of Gothenburg",57.69854645,11.971242155543006
"The University of Adelaide",56.4678638,-2.9856085
"Tehran University of Medical Sciences *",35.7058628,51.3941557
"Cisco Systems Inc *",32.9997748,-96.6804164
"AstraZeneca, Sweden",59.177073,17.67918836111369
"Friedrich-Alexander-Universitat Erlangen-Nurnberg *",49.45832195,11.085460002029178
"Capital University of Medical Sciences *",28.5643603,77.2098719369258
"Wuhan University of Technology *",30.608988,114.35142672365738
"Tohoku University *",38.253323949999995,140.87421084839914
"Institute of Molecular and Cell Biology",1.3029208,103.7930562
"Institut Gustave Roussy *",48.7936946,2.354221
"Foundation Medicine Inc",42.3672098,-71.0792167
"Aix-Marseille Universite *",43.29282045,5.358275269602977
"University of Auckland",-36.8660955,174.77373309361866
"Max-Delbruck-Centrum fur Molekulare Medizin ",52.62444695000001,13.50192637533726
"Siemens *",48.715012,21.2362176
"Universidad de Granada *",37.1809009,-3.6000115
"China University of Geosciences",30.5253902,114.39380483820446
"Nippon Telegraph and Telephone Corporation *",38.2536407,140.881987
"Siemens Healthineers, USA",42.15018335,-71.20516148354095
"University of Warwick",52.3813073,-1.5639569481637439
"Panasonic Corp *",14.581991949999999,121.13426231275582
"Center for Disease Control and Prevention China",32.0802204,112.1760600899537
"Merck & Co Inc *",40.21538465,-75.30178295208452
"University of Miami *",25.71727245,-80.27870688083459
"University of California, Santa Barbara",34.414602450000004,-119.84581004701371
"Indiana University-Bloomington",39.1802358,-86.50935262731483
"Council of Scientific and Industrial Research *",12.9882253,80.2447703508365
"Boston University Medical Campus ",42.33528195,-71.07146001359806
"Medizinische Universitat Wien",48.21639485,16.36092424464902
"Boehringer Ingelheim *",-6.619853600000001,106.81254743162961
"Oregon Health & Science University *",45.4981929,-122.68649573676775
"National Eye Institute",14.5606709,121.030931
"Universite Montpellier *",43.6325304,3.8701088065147866
"LG Electronics, South Korea",35.2060714,128.6863693
"Merck KGaA *",49.8990929,8.648549427129257
"Australian National University",-35.2813935,149.11714511802117
"Telefonica *",42.3485298,-3.6782106753569117
"National University of Defense Technology",28.229020900000002,112.99483204403164
"The Hong Kong University of Science and Technology",22.3358031,114.2659087549023
"Cedars-Sinai Medical Center ",34.0751604,-118.38109362449856
"Universite Grenoble-Alpes *",44.93412165,4.9030427290482965
"Technische Universitat Dresden *",51.028276500000004,13.735982754935176
"Center for Life Sciences",37.5451259,-77.45434106494605
"Beijing Normal University *",39.959732,116.35973697755406
"Eli Lilly and Company, United States",40.5560001,-74.71085982134674
"Deutsches Primatenzentrum",51.562142800000004,9.949806956532147
"Northeastern University, USA",42.33907025,-71.08783833987422
"RIKEN-Institute of Physical and Chemical Research",35.780331,139.6126984
"Babraham Institute",52.1338603,0.2039204
"Beth Israel Deaconess Medical Center",42.3397971,-71.10487181678371
"University of Georgia",31.48119265,-83.52225572430962
"University of Cincinnati *",39.1318613,-84.51576195582436
"University of Exeter",50.73693715,-3.534734858662963
"Rheinisch-Westfalische Technische Hochschule Aachen",50.7791657,6.068920935592383
"Universidade Estadual Paulista Julio de Mesquita Filho",-20.428594750000002,-51.342780389646606
"University of Science and Technology Beijing",39.99023335,116.35317534355889
"Orange SA *",50.2533391,19.0139288
"UCB Pharma SA *",48.83434,2.2577771
"Bayer *",50.9431344,13.6228032
"Hanyang University *",37.5557274,127.0436837
"China University of Mining and Technology",34.2146056,117.13807761540775
"Karolinska University Hospital",59.350801700000005,18.033318636610943
"City of Hope",34.12796335,-117.97306171529874
"Ohio State University Wexner Medical Center",39.9950822,-83.01873232331297
"Universidad de Sevilla *",6.2694028,-75.56579130329999
"Charles University *",60.4518905,22.2791628
"Institute for Molecular Medicine",5.3556009,100.2992783368269
"Rheinische Friedrich-Wilhelms-Universitat Bonn *",50.7338124,7.1022465
"Deakin University *",-37.847513649999996,145.11494735286496
"Universitat Politecnica de Valencia *",39.4812036,-0.3500211
"Amgen, USA",34.1905959,-118.91985621433594
"Southern Medical University *",23.18993515,113.3296269296074
"Karlsruher Institut fur Technologie",49.101853399999996,8.433120159201868
"Nanjing University of Science and Technology",32.031825999999995,118.85214274279244
"King Abdulaziz University *",21.49341465,39.24854487966037
"University of Ottawa",45.42252705,-75.68339041611182
"Aalborg University *",57.015907049999996,9.975308243557345
"SLAC National Accelerator Laboratory",37.416787600000006,-122.20492661805099
"National Institute of Standards and Technology *",39.131611649999996,-77.21654057806873
"Universita degli Studi di Pisa",43.7183099,10.3969212
"Albert-Ludwigs-Universitat Freiburg im Breisgau",48.00229565,7.849140132188766
"Universidade Estadual de Campinas *",-22.82265605,-47.06279590310605
"London School of Hygiene and Tropical Medicine",51.5209537,-0.13037143644571766
"AbbVie *",42.33708005,-87.83442444217806
"Van Andel Institute",42.9696681,-85.6671267224712
"University of Athens",37.97003795,23.76523669720041
"Iowa State University",42.0279608,-93.64473746093857
"Royal Institute of Technology *",59.34986645,18.07063213298418
"Paul Ehrlich Institut",50.006275349999996,8.648541675083768
"Helmholtz Zentrum Munchen Forschungszentrum fur Umwelt und Gesundheit",48.221310200000005,11.592939986969206
"Leibniz Institut fur Molekulare Pharmakologie",52.62421380000001,13.504509497489124
"Universite de Montreal",45.50475765,-73.61454175576318
"Temple University *",39.981188,-75.15628280757346
"National Renewable Energy Laboratory",39.740386150000006,-105.17285470522633
"European Commission *",50.8431406,4.383206
"US Food and Drug Administration",47.79695615,-122.20097674570265
"Huazhong Agricultural University",30.4739905,114.34839799986548
"Hokkaido University *",43.07900775,141.33772952994423
"Southwest Jiaotong University",30.6968576,104.0473356
"Fraunhofer Institut fur Molekularbiologie und Angewandte Oekologie",50.7853614,6.048733491470719
"University of Connecticut, Storrs *",41.82175755,-72.24277535505323
"Eberhard-Karls-Universitat Tubingen",48.5298981,9.040432300509686
"Sony Japan",-0.29315,-78.4776714
"Indiana University-Purdue University Indianapolis",39.774777349999994,-86.1769635756136
"China Pharmaceutical University",32.0750555,118.77406191691047
"University of Massachusetts, Amherst",42.386969300000004,-72.53018467326824
"National Institute on Drug Abuse",13.9780116,100.6188762
"Centro Nacional de Biotecnologia",40.544624049999996,-3.6901177860910126
"University College Dublin",53.3068763,-6.224625093340977
"Universitatsklinikum Heidelberg",49.417134000000004,8.664529189741593
"Children's Hospital of Philadelphia",39.94769755,-75.19498022347875
"Kyushu University *",32.94739665,130.55360302077918
"Merck & Co Inc, United States",40.21538465,-75.30178295208452
"University of Tennessee, Knoxville *",35.9515612,-83.93087998929315
"Queensland University of Technology",-27.45122955,153.01621943949505
"Colorado State University, Fort Collins *",40.570656650000004,-105.08539947634978
"Danone *",49.78155715,14.677484930273678
"Max Planck Institut fur Pflanzenzuchtungsforschung",50.9575923,6.859189559008925
"University of South Florida",28.0599999,-82.41383619025117
"Universidade Federal de Minas Gerais",-19.87317625,-43.97385326636239
"Sanofi, France",47.42964485,0.6951806340952112
"Centre de Recherche des Cordeliers",48.85067855,2.3404642149499275
"Universidad del Pais Vasco *",42.8407613,-2.6708427
"Politecnico di Milano",45.04850495,9.701694744265293
"State University of New York, Buffalo",43.00188805,-78.78521350495271
"Fujitsu, Japan",35.48047,133.9071258
"Queen's University Belfast",54.58414875,-5.933721043274003
"Guangdong University of Technology",23.04141695,113.38746520628638
"University of Ljubljana *",46.049092200000004,14.50413066947671
"British Columbia Cancer Research Centre",49.26258695,-123.11934710302927
"University of Kentucky *",38.026629099999994,-84.50472223981663
"Microsoft, India",17.4307694,78.34214019335069
"University of Massachusetts Medical School",42.2782955,-71.76223550127514
"Aalto University",60.1860789,24.828102074406736
"George Washington University *",38.899893750000004,-77.04744828062584
"Universidade Federal do Rio de Janeiro *",-22.8533498,-43.233170287422354
"Fuzhou University",26.0614068,119.19334162717391
"Kyung Hee University *",37.5971213,127.05198672345011
"Westfalische Wilhelms-Universitat Munster *",51.96734215,7.599243326272159
"University of Nebraska, Lincoln",40.8206834,-96.70048317521739
"City University of New York *",40.80775585,-73.96164946987652
"Oak Ridge National Laboratory",35.93013315,-84.3119306644879
"Beijing University of Chemical Technology",39.97024245,116.41508754103327
"NEC Japan",38.92510335,141.14185417600552
"National Institute of Mental Health",12.9374894,77.59414202357958
"Max Planck Institut fur Molekulare Pflanzenphysiologie",52.415487600000006,12.96858855099175
"Max Planck Institut fur Multidisziplinare Naturwissenschaften",51.562638199999995,9.970611370025079
"Bosch, Germany",49.078094500000006,9.304616994654571
"Max Planck Institut fur Polymerforschung",49.989366849999996,8.229496381137608
"University of Kansas *",38.953491799999995,-95.26308879955823
"Cincinnati Children's Hospital Medical Center",39.14084475,-84.50228846584608
"Tufts University",42.40649125,-71.11800725402092
"Merck KGaA, Germany",49.8990929,8.648549427129257
"Weizmann Institute of Science",31.907849900000002,34.81334092444211
"West China Hospital",30.64405915,104.0576331572795
"Freie Universitat Berlin",52.45285645,13.290724942928117
"Universite de Geneve",46.1972358,6.136766
"Fraunhofer-Institut fur Integrierte Schaltungen",50.6944715,10.938002921937699
"Guangzhou International Bio Island",23.068210200000003,113.36950335782869
"Institut des Maladies Genetiques Imagine",48.8452547,2.31815076402496
"Universitatsklinikum Hamburg Eppendorf",53.5909051,9.975375829413123
"North China Electric Power University",38.8760446,115.4973873
"Nanchang University *",28.66126865,115.79759741041505
"Universitatsspital Zurich",47.377745149999996,8.551416736238977
"Pontificia Universidad Catolica de Chile *",-33.44177485,-70.64032584797746
"Argonne National Laboratory *",41.70914095,-87.97862213166601
"Universitat Basel *",47.55853735,7.582636262735235
"National Yang Ming Chiao Tung University",22.9253242,120.2942098
"Bayer AG, Germany",51.6270754,7.634657801783542
"Samsung Advanced Institute Technology",37.2519895,127.0540063
"Tata Consultancy Services Ltd, India",28.5483476,77.41393548812422
"British Columbia Cancer Agency *",49.261847700000004,-123.11901303119873
"Trinity College Dublin *",53.34366745,-6.254444725871171
"Hospital Clinic de Barcelona",41.3881615,2.1505425
"South China Agricultural University *",23.16120685,113.34810269599234
"Griffith University",-27.9632575,153.3845474
"University of Central Florida",28.59899755,-81.19712501183949
"Quadram Institute",52.62088895,1.2187441364748701
"Eindhoven University of Technology",51.4486602,5.4903995655080475
"China Southern Power Grid Co Ltd *",17.9531909,102.6285093
"University of Rochester Medical Center",43.122906349999994,-77.62538540097447
"Linkoping University",58.3977911,15.57545441574208
"Ngee Ann Polytechnic",1.33318835,103.77461234638255
"Stockholm University *",59.366141,18.059592960559392
"BMW AG, Germany",48.1895929,11.580008160253584
"Universidade Federal do Rio Grande do Sul",-30.03331505,-51.21994396572513
"University of California, Riverside",33.9642567,-117.3397858271953
"Korea Institute of Science and Technology",37.6008613,127.04520184311693
"Universidad de Chile *",-33.4439386,-70.6510174
"State University of New York, Stony Brook *",40.9090809,-73.12055180275716
"Shanghai University",31.3159206,121.38802427736479
"Beijing Jiaotong University",39.95044035,116.33606901092409
"Texas Instruments *",33.5654954,-96.60831816801678
"Clinica Universidad de Navarra",42.8058167,-1.6642959885309305
"Institut Curie",48.8426449,2.3435197
"Johannes Gutenberg-Universitat Mainz *",49.992039649999995,8.237090346042269
"Istituto Clinico Humanitas",45.37362565,9.164965022219093
"Universite de Strasbourg *",48.5820139,7.7667715
"Universite de Bordeaux *",44.83697265,-0.578070403772544
"Emory Healthcare",33.794089650000004,-84.31922260058208
"Hefei University of Technology *",31.846747450000002,117.29053891927794
"Jagiellonian University",50.0606586,19.9304539
"Garvan Institute of Medical Research",-33.87915275,151.22152517208332
"Keio University *",35.552084050000005,139.6495837941362
"McGowan Institute for Regenerative Medicine",40.424675699999995,-79.96278686670306
"Northeastern University, China",41.7634632,123.41175767168997
"Universidad de Navarra *",42.80115395,-1.658569528503289
"Cambridge University Hospitals NHS Foundation Trust",52.17369755,0.13791197913315265
"Lomonosov  Moscow State University",55.701189,37.527634
"Institut Catala d'Oncologia *",41.3431984,2.1110337
"East China Normal University *",31.2284923,121.40211388976886
"Nokia, France",48.7199342,2.2667934
"Georgetown University *",38.90893925,-77.07457962060826
"Max Planck Institut fur Kohlenforschung",51.41718615,6.885141383385985
"Virginia Commonwealth University *",37.546124649999996,-77.45406089907547
"Oregon State University",44.56305595,-123.28392363395751
"Hohai University",32.057654850000006,118.755002721604
"Nestle *",42.719428699999995,-8.656695409325366
"Simon Fraser University",49.276709600000004,-122.91780296438841
"Telefonica SA, Spain",38.98278725,1.5322929476908993
"University of Houston",29.7207902,-95.34406271491369
"CIC bioGUNE",43.294484,-2.867786129221603
"Nanjing Forestry University",32.08106635,118.81177396360292
"Academia Sinica *",25.0420743,121.61404600926753
"Chalmers University of Technology *",57.6897462,11.97652929499342
"Universitat Leipzig *",51.33845385,12.37863856850984
"University of Surrey",51.24307815,-0.5900544877514773
"Curtin University *",-32.0057281,115.8929073394684
"University of Zagreb",42.64252845,18.102663794322645
"University of Miami Health System",24.5705338,-81.7613966740416
"University of Utah Health Care",37.6999604,-113.06881590180453
"Seattle Cancer Care Alliance ",47.61996755,-122.33206875449336
"Montefiore Medical Center *",40.8800853,-73.8798439
"Universitat Wien",48.2131284,16.360685994114505
"Universitat Duisburg Essen *",51.4641041,7.005846979533061
"Johann Wolfgang Goethe-Universitat Frankfurt am Main *",50.095261300000004,8.661266190671004
"University of York",53.9453903,-1.0314592943104675
"University of Washington Medicine ",38.636071099999995,-90.25886733971313
"Fundacao Oswaldo Cruz *",-23.634691150000002,-46.564538158292535
"Northwestern Medicine",42.146802,-87.832141
"Rice University",29.716791450000002,-95.40478113393792
"Alan Turing Institute",51.5302275,-0.1270026
"Aramco *",21.6499731,39.0997924
"European Centre for Medium-Range Weather Forecasts",51.41971515,-0.9501967787568233
"Deutsches Zentrum fur Neurodegenerative Erkrankungen",51.5468518,9.9424299
"National Cancer Center",35.665517449999996,139.76767141156606
"Wuhan Union Hospital",30.58669445,114.26928597256827
"Harbin Engineering University",45.77488965,126.67648259445164
"Fraunhofer-Institut fur Zelltherapie und Immunologie",51.31919345,12.395492316872794
"BMW Group *",51.401375650000006,12.461545285339202
"Nagoya University *",35.1583416,136.9219146
"Max Planck Institut fur Kolloid und Grenzflachenforschung",52.41460645,12.969449178678271
"Boehringer Ingelheim GmbH Germany",51.49217705,7.399995351446734
"Max Planck Institut fur Molekulare Zellbiologie und Genetik",51.05838725,13.78450575563675
"University of Southern Denmark",55.367853249999996,10.42805340701966
"National Institute of Informatics",35.8932615,139.9449382
"Technische Universitat Berlin *",52.51101585,13.326954140959668
"Universite de Lausanne",46.5225695,6.580949860268587
"GlaxoSmithKline, United Kingdom",51.36210255,-0.45096275469317565
"Bioinformatics Institute",1.303527,103.792495
"Maastricht University",50.8373469,4.406164
"Alibaba Group, China",30.191911,120.18482169614718
"University of Tehran",35.70458395,51.39476104247319
"Singapore University of Technology and Design",1.3401441,103.9631302
"Centre Hospitalier Universitaire Vaudois ",46.525507950000005,6.642268736084432
"Ministry of Health ",2.9424432,101.7073031
"Wayne State University",42.35720515,-83.07094978691399
"Macquarie University *",-33.77400285,151.11276761415485
"Institut de Microelectronica de Barcelona",41.5022533,2.1096329
"University of Cape Town",-33.95675585,18.467577702002977
"East China University of Science and Technology",31.145081349999998,121.41950851686008
"Asan Medical Center Seoul *",37.52630405,127.10960128175418
"BGC Trust University Bangladesh",22.248158150000002,92.01767699796778
"Peter Maccallum Cancer Centre",-37.80031885,144.95673427356004
"Statens Serum Institut",55.66595565,12.58985856475726
"Universita Cattolica del Sacro Cuore",45.4618543,9.177056282599018
"Hitachi *",36.5991225,140.6504604
"Helmholtz Zentrum fur Infektionsforschung",52.211092699999995,10.532465256600744
"Joslin Diabetes Center",42.3388218,-71.10824490239725
"Instituto de Investigaciones Biomedicas Sols-Morreale",40.48297505,-3.6920052999156714
"University of Antwerp",51.1843856,4.41993868786375
"Corteva Agriscience, USA",43.885112,-91.10179944360951
"Africa Health Research Institute",-29.8818138,30.9880597
"Qingdao University *",36.075976350000005,120.41291309602909
"Technion - Israel Institute of Technology *",32.7768128,35.02254464999363
"Southwest University *",29.823237149999997,106.41958835875167
"University of Twente",52.2425267,6.8567575
"Universidad Politecnica de Madrid *",-0.2081503,-78.48787354428521
"Humboldt-Universitat zu Berlin *",52.5183402,13.392920232320172
"Smithsonian Institution *",38.8887945,-77.02593813691647
"Nanjing University of Posts and Telecommunications",32.11527165,118.92595660043565
"National Research Council Canada *",45.44268755,-75.6182850051772
"China Medical University Hospital",24.1540152,120.68334891252925
"Hebrew University of Jerusalem",31.7918555,35.244723
"Hospital Universitari Vall d'Hebron",41.428153449999996,2.140743520104939
"Cairo University *",30.02681195,31.205918565430267
"Medizinische Hochschule Hannover",52.3834796,9.804455722635876
"Universitat Ulm *",48.4228115,9.9559596
"Junta de Andalucia *",36.8358959,-2.463467353515215
"Jet Propulsion Laboratory",34.20151250000001,-118.17297851338047
"University of Bath",51.37658725,-2.323432593859133
"Agilent Technologies *",53.3808609,-2.222512382460689
"Yangzhou University",32.34417070000001,119.39464194171018
"Lancaster University *",54.00975365,-2.7875727317728654
"Dartmouth College *",43.70467565,-72.29420886774966
"University of Manitoba",49.8091536,-97.13304179291676
"ShanghaiTech University *",31.204054550000002,121.44929394770614
"Southern University of Science and Technology",22.603603,113.99684969904322
"Institut Cochin",48.835861550000004,2.338838704471761
"Baylor Scott & White Health",30.02777725,-97.87524479107641
"Molecular Foundry",37.874979800000006,-122.24235892282317
"Laval University",46.78116215,-71.27680024340233
"University of Notre Dame",41.704567749999995,-86.23822026017265
"Universite du Quebec en Quebec *",45.42226325,-75.73909824426678
"Waters Corp *",38.1544242,-81.75074996216
"Roswell Park Cancer Institute",42.8988185,-78.8649206
"Universidade Nova de Lisboa *",38.7328407,-9.1602002
"Tampere University",61.4949874,23.7787927
"Radboud University Nijmegen",51.82151725,5.863403442541042
"Centro de Investigaciones Biologicas Margarita Salas",40.4477926,-3.72152505
"Korea Research Institute of Bioscience and Biotechnology",36.3766813,127.3611435
"Aristotle University of Thessaloniki",40.629729350000005,22.959099468356932
"University of Oklahoma *",35.1959878,-97.44570827599858
"Dalhousie University *",44.63620105,-63.591996064796504
"University of Belgrade",44.8179654,20.450776496755196
"Korea Research Institute of Chemical Technology",36.387749,127.35981759214334
"National Institute of Advanced Industrial Science & Technology",34.39729665,132.73571564720618
"Washington State University, Pullman *",46.7337716,-117.14980348311619
"University of Science, Malaysia *",5.3574322500000005,100.3035504121383
"Hungarian Academy of Sciences *",47.50126265,19.046133737708708
"Heinrich Heine Universitat Dusseldorf  *",51.19077325,6.793516713552313
"University Putra Malaysia",2.9918365,101.72067704384338
"Friedrich-Schiller-Universitat Jena *",51.4330235,6.8929882
"Pohang University of Science and Technology",36.0180795,129.32085559784392
"University of Wollongong *",-34.40505545,150.87834654727789
"Institut Catala de Nanociencia i Nanotecnologia",41.5012622,2.111565302569551
"University of New Mexico *",35.08663275,-106.62020940505188
"SRI International",37.45648105,-122.17539244060208
"Houston Methodist",29.7108167,-95.39926397738664
"University of Leicester",52.62446355,-1.1257301398551323
"Universidad de Murcia *",38.0147121,-1.1676358
"University of Strathclyde *",55.8618812,-4.241956565778082
"Florida State University *",30.44235995,-84.29747867166262
"Institut de Pharmacologie et de Biologie Structurale",43.55674295,1.4626272975017462
"Applied Materials Inc *",48.2426599,-114.3147292
"University of East Anglia *",52.62106225,1.2356187242525833
"Samsung Medical Center Seoul",37.4884518,127.08534135923833
"Siemens AG, USA",46.4749475,-90.1035069
"Hochschule fur Wirtschaft und Recht Berlin",52.5087395,13.5267185
"University of Bergen",60.36887575,5.351111541486731
"University of California, Santa Cruz",37.00012445,-122.06221224829252
"U.S. Department of Energy *",38.8863047,-77.0266121144486
"General Electric Company *",32.85218570000001,13.234870557894727
"Lanzhou University *",36.0504988,103.8544558
"Beijing University of Technology",39.87391435,116.47720242035405
"University of Oulu",65.05932770000001,25.467357691873588
"China Medical University, Taichung *",24.15639315,120.67976180567136
"Siemens AG, Germany",48.0897345,11.649108371248436
"Wenzhou Medical University *",28.0120905,120.66908544221087
"Shenzhen Municipal People��s Government *",22.5458847,114.0528098
"University of Malaya *",3.1257602,101.65587961386524
"Ocean University of China",36.072685050000004,120.42722436586305
"Deutsches Zentrum fur Herz Kreislauf Forschung",51.551801600000005,9.940676006731087
"California Department of Public Health",38.57489515,-121.48575131641209
"Fox Chase Cancer Center",40.07127055,-75.09098053005897
"Public Health England",51.57534149999999,-1.318540297171662
"Universidade de Coimbra *",40.207422,-8.4260033
"Ulsan National Institute of Science and Technology *",35.57374845,129.18972658449857
"Agriculture and Agri-Food Canada",45.3649876,-75.7353526
"Albert Einstein College of Medicine",40.85428065,-73.84561594122826
"Universitat d'Alacant *",38.384987249999995,-0.5148027435674277
"United States Geological Survey",42.68102185,-73.6965193290047
"World Health Organization, Switzerland",46.232678199999995,6.134224391330168
"Universita degli Studi di Genova",44.4148861,8.9266707
"University of Southern California Health Sciences Campus",34.06070365,-118.20902543471803
"Universidad de Salamanca *",20.7994696,-102.7646453
"University of Delaware",39.6803338,-75.75307489920786
"University of Missouri, Columbia *",38.93641465,-92.32970301784542
"Forschungszentrum Informatik",48.7465434,9.10822195300261
"Istituto Italiano di Tecnologia *",44.475016499999995,8.906361822677376
"University of Texas, Dallas",32.812043,-96.84172013349793
"Drexel University",39.9569305,-75.18992654517834
"Universita degli Studi di Roma Tor Vergata",41.856085,12.634443354865688
"Centro Nacional de Investigaciones Cardiovasculares",40.47668785,-3.696091431284352
"ZTE, China",22.540147150000003,113.94298255278926
"Masaryk University",49.20999665,16.59924869244152
"Novartis, Switzerland",47.5761841,7.574150710355392
"University of Warsaw",52.209142549999996,21.00948486904928
"Deutsches Zentrum fur Luft- und Raumfahrt",53.328784,13.072966153528762
"University of Macau",22.1284604,113.5438378
"University of Dundee",56.45796755,-2.9821483135375493
"Universidad de Zaragoza *",42.568556,-0.5541831500270802
"Universidad Nacional de Colombia *",4.63874255,-74.08523751358481
"University of Durham",54.78872105,-1.593180730307772
"University of South Carolina *",33.99287595,-81.02675376219187
"Kyungpook National University *",35.8905697,128.610855264775
"Royal North Shore Hospital",-33.8214111,151.19113612811628
"Universita degli Studi di Pavia",45.186926549999995,9.156876823159685
"Universita degli Studi di Bari",40.4674094,17.2426769
"Oklahoma Medical Research Foundation",35.483875999999995,-97.4973157966519
"United Nations *",40.750214150000005,-73.96727182919946
"Generalitat de Catalunya *",41.3828401,2.1767417
"Institute of Materials Research and Engineering",1.2982161,103.7885935
"La Trobe University *",-36.7499918,144.282538
"Universitat Pompeu Fabra *",41.3892781,2.1911055348636417
"Nestle Switzerland",46.4664328,6.834991857226861
"Universitatsspital Basel *",47.561681699999994,7.583136475873543
"China University of Petroleum",35.9453325,120.1670428
"Ruhr-Universitat Bochum *",51.444157649999994,7.260965412383296
"University of Hawaii, Manoa *",21.2982795,-157.81869185528882
"Konica Minolta Inc *",40.937374500000004,-74.27540973870533
"OHSU Knight Cancer Institute",45.5137812,-122.838574
"Chulalongkorn University",13.7431095,100.53288411765634
"IHU Mediterranee Infection",43.28996405,5.400850123332746
"Lawrence Livermore National Laboratory *",37.687781,-121.70830933864595
"Met Office",50.727350349999995,-3.4744726127760086
"Universita degli Studi di Milano-Bicocca",45.51827605,9.213904175082256
"Wake Forest University *",36.134335,-80.2781152
"General Electric Co, USA",42.5817885,-71.802635
"Seattle Children's Hospital *",47.66311535,-122.2825320078534
"Hospital for Sick Children",43.657371749999996,-79.38760057839349
"Max Planck Institut fur Quantenoptik",48.25967265,11.666953347920398
"Institut de Recherche pour le Developpement *",-12.0941794,-77.0152128
"University of Sussex *",50.86796665,-0.08778899363132905
"National Heart Centre Singapore",1.2784981499999999,103.83610622269907
"Seoul National University Hospital *",37.57911745,126.99871433765432
"Universite de Rennes 1 *",48.118327,-1.641785241450091
"University of Indonesia",-6.8611533,107.59167698608596
"Siemens Healthineers, Germany",49.7035702,11.0564089
"Boehringer Ingelheim, USA",33.98899465,-83.32839399010149
"Qatar Foundation *",25.31288245,51.435444756975244
"Hopitaux Universitaires de Geneve",46.19200305,6.147949875776298
"Universidade de Santiago de Compostela *",42.8786789,-8.54245040081301
"Instituto de Quimica-Fisica Rocasolano",40.44176695,-3.6876735786411077
"Tokyo Institute of Technology",35.605038050000005,139.6827406514703
"Universidade do Minho",41.5573185,-8.3978382
"Australian Research Council *",-37.82788895,145.0587981771196
"Sandia National Laboratories, New Mexico",35.035537500000004,-106.5429448541892
"University of Tsukuba *",36.1070526,140.10066020403983
"Clalit Health Services *",32.1810107,34.8734542
"Corteva Agriscience *",43.885112,-91.10179944360951
"Queen's University",44.22634885,-76.49575545601735
"University College Cork *",51.8947384,-8.4903073
"Qatar University",25.3719714,51.48795786318291
"Politecnico di Torino *",45.063697399999995,7.657526334442466
"Universite de Lille *",50.62857065,3.12595600742836
"Medtronic *",53.30143865,-8.990731011645906
"Volkswagen AG *",52.458324950000005,10.766215123565168
"Texas Biomedical Research Institute",29.43769415,-98.63821084336206
"Instituto de Catalisis y Petroleoquimica ",40.542249749999996,-3.6894751873573473
"Southwest Petroleum University",30.8210233,104.1839081
"University of Turku",60.456073149999995,22.28640967697722
"University of Texas Medical Branch ",29.312018350000002,-94.77627329985782
"Ospedale Pediatrico Bambino Gesu",41.897076,12.460704407887675
"Universitat zu Koln",50.928044549999996,6.928130514523661
"First Affiliated Hospital of Zhengzhou University",34.7982547,113.75609633361317
"University of Otago",-45.8649793,170.51461487350844
"National Cheng Kung University",22.99909895,120.21622951861194
"Center for Nanoscale Materials",41.7035717,-87.9909611203822
"Korea University of Science and Technology",37.632441400000005,127.07946475957468
"Universidad Carlos III de Madrid *",40.3150937,-3.7248793246049545
"Universitatsmedizin der Johannes Gutenberg-Universitat Mainz",49.992461399999996,8.257345434538065
"Mahidol University *",13.79465205,100.32185831362244
"Hangzhou Dianzi University",30.303313199999998,120.3741385339678
"Institute for Basic Science",36.3771241,127.38434953237115
"McGill University Health Centre",45.47401605,-73.5999506480536
"Institut de Genetique et Biologie Moleculaire et Cellulaire",51.05838725,13.78450575563675
"Universite de Lorraine *",48.66885965,6.155221861493009
"Nationwide Children's Hospital ",39.9520639,-82.97900742959314
"Florida International University",25.7553898,-80.3762832779774
"National Jewish Health",39.73920955,-104.94237787754633
"Umea University *",63.82177625,20.304316311493196
"Loughborough University",52.7626882,-1.2396365359627026
"Westmead Hospital ",-33.8027875,150.98709025078938
"Northwell Health *",40.7262969,-73.4413075
"Vrije Universiteit Brussel",50.822552900000005,4.395491480471453
"Shandong University of Science and Technology",36.001464350000006,120.1162403027048
"Universitatsklinikum Essen",51.4349292,6.988705547817013
"GlaxoSmithKline, Belgium",50.72463865,4.533346438421622
"Leibniz-Institut fur Neue Materialien",49.25679665,7.040232380666657
"New York Presbyterian Hospital",40.710290400000005,-74.00493733064542
"Kavli Institute for Cosmology",52.2139472,0.09425705845248078
"Institut pour l'Avancee des Biosciences",45.198111999999995,5.747812757356424
"Istituto Nazionale di Fisica Nucleare *",43.7492851,11.2513799
"The University of Reading",56.46504555,-2.9612364302138996
"Max Planck Institut fur Psychiatrie",48.1737315,11.575826547335176
"Gujarat Pollution Control Board",23.211743300000002,72.65567747534682
"Technische Universitat Graz *",47.058199900000005,15.460187434162261
"Universita degli Studi di Catania",37.52951565,15.067221602363126
"Institut Pasteur de Lille",50.62804515,3.073964468762163
"Universitatsklinikum Freiburg",48.0071722,7.837319425848673
"Springer Nature, New Zealand",-36.8009018,174.75716470460296
"Fundacion Josep Carreras *",41.3993399,2.1423129
"Chung-Ang University *",37.5080182,126.9612686
"Louisiana State University, Baton Rouge",30.405761849999998,-91.18597450265686
"ABB Group *",-36.85775445,174.76875296460395
"Universite de Nantes *",47.282239649999994,-1.515120331564979
"Ford Motor Co, USA",42.305452149999994,-83.22884508401259
"National Tsing Hua University",24.7916987,120.99242952395865
"Istituto di Neuroscienze",43.7809875,11.2619203
"Qingdao University of Science and Technology",36.121218799999994,120.47855597617185
"Universidad de Buenos Aires *",-34.508711500000004,-58.68837906432547
"The University of Kent",51.295015750000005,1.0673010856199983
"Istituto Superiore di Sanita",41.90522645,12.520222920176906
"National Taiwan University Hospital",24.81636875,120.98006822264261
"University of Nebraska Medical Center",41.25489615,-95.9771025369082
"Universita degli Studi di Modena e Reggio Emilia",44.69290065,10.627871241360538
"Corning *",42.1435257,-77.0543408
"National Institute for Public Health and the Environment",52.1186518,5.1890807
"Max Planck Institut fur Chemische Energiekonversion",51.4177481,6.886574320553648
"University of Cincinnati Medical Center",39.13821725,-84.50332646284724
"University of Ulsan *",35.57374845,129.18972658449857
"Chongqing Medical University *",29.5353583,106.5049974138802
"University of Saskatchewan",52.13441935,-106.6277768327002
"Tulane University *",29.94121955,-90.12010089179185
"BASF, Germany",49.552812450000005,8.351634902462731
"London School of Economics and Political Science",51.51426105,-0.11673351981492822
"Public Health Wales",51.476752,-3.1692019
"Max Planck Institut fur Mikrostrukturphysik",51.495501950000005,11.94093144703308
"Universite Libre de Bruxelles",50.81347185,4.381235729203142
"Pusan National University",35.234349800000004,129.07840680801058
"Universidad de Malaga *",36.7165576,-4.495336390634675
"Toronto Western Hospital",43.653566999999995,-79.40549604487205
"University of South Australia",-37.8062142,140.766463
"Christian-Albrechts-Universitat zu Kiel",54.345821799999996,10.113073008097192
"National Institute of Genetics",34.727326500000004,128.62568400310454
"National University Cancer Institute",0.3408291,32.5773569
"The General Hospital of the People's Liberation Army *",39.9032854,116.27061348354938
"Aarhus University Hospital",56.191009699999995,10.170140226133725
"The Christie NHS Trust",53.4288251,-2.2252438985110703
"Hospices Civils de Lyon *",45.76086735,4.831638320870084
"Leibniz-Institut fur Altersforschung - Fritz-Lipmann-Institut",50.908147650000004,11.571267736304314
"Swinburne University of Technology *",-37.820558500000004,145.03857627268115
"National Cancer Centre",1.2793412499999999,103.8366065107489
"GE Global Research, USA",42.8298248,-73.87719384927928
"Translational Research Institute",-27.498964,153.03163776724557
"Brookhaven National Laboratory *",40.876240800000005,-72.87131343227176
"Universitatsklinikum Tubingen",48.52914215,9.047043784854111
"Singapore Management University",1.29616795,103.85004365998248
"Ben-Gurion University of the Negev *",31.2631254,34.802238544584185
"Universidade Federal de Santa Catarina *",-27.60341335,-48.5224424733554
"National University of Malaysia *",2.92408085,101.78122157693835
"University of Guelph",43.535193,-80.21894225207431
"Los Alamos National Laboratory *",35.8190003,-106.2656273965812
"Georgia State University",33.7535889,-84.38542086620515
"Donghua University",31.206218,121.41054788696036
"Waseda University",35.709179750000004,139.71972128895072
"Sejong University",37.5500352,127.076021
"Justus-Liebig-Universitat Giessen *",50.5737659,8.658504885301202
"Swansea University",51.6192545,-3.8792745
"Georg-August-Universitat Gottingen",51.5592251,9.952444154453854
"Kunming University of Science and Technology",24.85529555,102.85527159748534
"Max Planck Institut fur Softwaresysteme",49.25751745,7.04628423959084
"Hospital Quironsalud Barcelona",41.415833,2.138449765215003
"Universite Cote d��Azur *",43.716066999999995,7.264897360869565
"Virginia Mason Medical Center ",47.610168099999996,-122.32788525305163
"Ajou University",37.283002350000004,127.04537818934068
"China Medical University, Shenyang *",41.7899463,123.40639528167202
"West Virginia University *",39.62469605,-79.96352960462474
"Medical University of South Carolina *",32.784296499999996,-79.94714193501349
"York University",43.7743325,-79.50027054016516
"US Environmental Protection Agency",38.8937155,-77.02893597094737
"Ford Motor Company *",-38.10269175,144.3579853884846
"Konkuk University *",37.5400566,127.0702592
"Humanitas University *",45.370342550000004,9.17186501206907
"Universitat des Saarlandes *",49.25428530000001,7.04150707562534
"Thales Group *",54.3631429,10.1338446
"University of the Witwatersrand, Johannesburg",-26.1888766,28.024791203071317
"Medical College of Wisconsin",43.04386705,-88.02245316747553
"Centrale Supelec",48.8382313,2.311801
"NHS Tayside",56.39048685,-3.437053987242132
"Universita degli Studi di Verona",45.43633945,11.003030121451761
"Institut de la Vision",-18.895653,47.5594052
"Universita degli Studi di Palermo",38.03339055,12.53482624813804
"STMicroelectronics *",46.16472975000001,6.101580186895607
"Springer Nature *",38.7255808,-9.1542195
"Universitat Regensburg *",48.996434550000004,12.093992833920659
"COMSATS Institute of Information Technology *",31.40226085,74.20941558435783
"Donald Danforth Plant Science Center",38.67425125,-90.39719199376673
"Technische Universitat Darmstadt",49.86115175,8.681943998674633
"Universitatsklinikum Koln",50.925188649999996,6.920023479190044
"Nantong University *",31.9747463,120.90779263755195
"Sahlgrenska University Hospital",57.681668650000006,11.960968482033895
"University of St. Andrews",56.3398198,-2.8117937053149826
"George Mason University",38.83133325,-77.30798838879116
"Swedish University of Agricultural Sciences",63.820157449999996,20.314666319704294
"Northumbria University",54.977755349999995,-1.607282403525396
"University of Victoria",48.46205995,-123.31141980604804
"University of Tartu",58.38088965,26.719647526956543
"Cranfield University",52.070132900000004,-0.6287023427161589
"Universitatsklinikum Gottingen",51.55081935,9.942828163765823
"Unilever *",51.5117203,-0.10503844818716918
"University of Aberdeen",57.16452475,-2.1018363546621197
"Fundacao Champalimaud",38.6928557,-9.2208009
"Procter & Gamble Co *",41.571094599999995,-76.03380450674602
"Medizinische Universitat Graz *",47.080878049999995,15.469212378656305
"Ecole Superieure de Physique et de Chimie Industrielles de la Ville de Paris",48.84145965,2.346810060245333
"National Veterinary Institute Sweden",59.822885,17.6548052
"Universitatsklinikum Wurzburg",49.807929650000005,9.956909567655675
"Stellenbosch University",-33.9336165,18.866008515438878
"Technische Universitat Wien *",48.19853965,16.369861676286614
"University of Pretoria",-25.75433545,28.230857806174797
"Universite de Liege",50.640718500000006,5.576232583520801
"Universidade Federal do Parana",-23.59844395,-51.673359178875074
"Fraunhofer Institut fur Solare Energiesysteme",48.00975245,7.8339429822358895
"Instituto de Ciencia y Tecnologia de Alimentos y Nutricion",40.4469659,-3.7240377998595804
"Universitatsklinikum Carl Gustav Carus Dresden",51.0565463,13.782591076019312
"Applied Materials Inc, USA",48.2426599,-114.3147292
"Ecole Nationale Superieure de Chimie de Paris",48.843886499999996,2.3432706877878333
"Hiroshima University *",34.4019766,132.7123195
"Guangzhou University",23.044604,113.36958610020251
"Universitat Stuttgart",48.7453828,9.103267538773398
"Institut de Science et d'Ingenierie Supramoleculaires",48.58043425,7.764347860947708
"Parque Tecnologico de Euskadi *",43.295345749999996,-2.866138749537116
"Universite de Toulouse",43.6058532,1.4408980155210234
"National Bureau of Economic Research",42.3698353,-71.1130031
"Abbott Laboratories *",52.5169844,6.0721378
"Universidad de Cordoba *",8.79042355,-75.86177184901655
"Robert Koch Institut",52.539572449999994,13.346825945966373
"Hospital Clinico Universitario de Valencia *",39.4789827,-0.3619002181202227
"Max Planck Institut fur Herz und Lungenforschung",50.3661605,8.742595865446095
"Universitatsklinikum Ulm",48.4221445,9.952400460871338
"Tokyo Medical and Dental University",35.7015151,139.76423752946232
"Wadsworth Center",39.7705723,-105.0819345293229
"New Jersey Institute of Technology",40.7421254,-74.17903159685589
"Institut de Recherche pour le Developpement France",-20.90496385,55.50029808879182
"University of Connecticut Health Center",41.73344545,-72.79234525803653
"Infineon Technologies Austria AG",46.59507735,13.857166350756243
"Amman Arab University",32.1144002,35.8819709
"Indian Institute of Science",13.022234699999998,77.56718324768107
"Second Military Medical University *",31.30750755,121.52308640001291
"Museum National d'Histoire Naturelle *",48.695635100000004,2.4935253573848666
"Saint Petersburg State University",59.9406782,30.296499938428813
"University of KwaZulu-Natal *",-29.8674437,30.98073489000337
"Northeast Agricultural University",45.7276694,126.7179532
"University of California, Merced",37.36513585,-120.42253889071495
"Universitatsklinikum Erlangen",49.6005924,11.010703423231451
"Aston University",52.48620975,-1.888502354328005
"All India Institute of Medical Sciences",28.5643603,77.2098719369258
"Max Planck Institut fur Biogeochemie",50.91010145,11.566744373265896
"Universitatsklinikum Schleswig-Holstein",54.3304953,10.142887327438675
"Ludwig Boltzmann Gesellschaft *",48.2282586,16.3550837
"World Bank Group *",16.8484364,96.1364689
"Medizinische Universitat Innsbruck *",47.259559949999996,11.387197163271729
"The Children's Hospital at Westmead",-33.801503749999995,150.9918676753586
"Harbin Medical University *",46.5962562,125.16141558313109
"Universidad de Oviedo *",43.35352695,-5.875012964144393
"Instituto de Ciencia de Materiales de Madrid",40.5433107,-3.690111160502089
"Universita degli Studi di Perugia",43.1163861,12.385315979588867
"Henan University *",34.8124658,114.36393963373908
"Universitat Innsbruck *",47.26331595,11.384473309954492
"Beijing Technology and Business University",39.92358735,116.31286035354799
"Thomas Jefferson University *",39.9489114,-75.15805656266755
"Zhongshan Hospital",31.19967695,121.45209566063195
"Universita degli Studi di Parma",44.8009215,10.325675642913495
"Meteo-France *",-20.8968987,55.49523623036286
"Universitat fur Bodenkultur Wien *",47.7009153,16.29836269115274
"Renji Hospital",31.235591749999998,121.47956286503539
"Concordia University",45.4952479,-73.57858216019235
"California Pacific Medical Center",37.79060095,-122.43225972298953
"Infineon Technologies *",47.1896458,19.80219016164414
"Rush University *",41.8736438,-87.6694981
"Guangxi University",22.846517050000003,108.29094394671847
"Semmelweis University",47.47939735,19.09138136805165
"Sheba Medical Center",23.8515373,90.4146346
"Centre Leon-Berard",45.74131845,4.878246503140701
"The Nottingham Trent University",52.957732199999995,-1.1561587845079129
"VIT University",12.96972795,79.16069432788137
"Tianjin Medical University *",39.07948175,117.17731529434022
"Universidade de Aveiro",40.6320191,-8.659793980111745
"American Heart Association",44.4361594,-73.10740649065912
"Hyundai Motor Co, South Korea",36.850665250000006,126.4568142010981
"Army Medical University *",39.745191250000005,-104.83758714153406
"Catholic University of Korea *",37.5854724,127.00479397923763
"Hospital das Clinicas da Faculdade de Medicina da Universidade de Sao Paulo",-23.55698105,-46.669983274289606
"Martin-Luther-Universitat Halle-Wittenberg *",51.48429865,11.97330912761822
"Universite du Luxembourg",49.62319225,6.112759617239071
"NHS Lothian",55.9357284,-3.1440700311585275
"Instituto IMDEA Energia",40.3397971,-3.8810024780824888
"Texas Instruments, United States",33.5654954,-96.60831816801678
"Tata Group *",19.3535438,84.8704706
"Istituto Europeo di Oncologia",45.41476135,9.207647268254961
"City University of New York Graduate Center",42.650701749999996,-73.77820451267146
"Clemson University",34.66869155,-82.83743475607795
"Dongguk University *",37.562895,127.312223
"University of Tasmania",-42.906822,147.32180827127462
"University of Jinan",23.1538977,113.3263352946318
"San Francisco General Hospital",37.756810349999995,-122.40525322201563
"National Physical Laboratory",51.425323500000005,-0.34358139334975374
"South China Normal University",23.1430206,113.33995829561603
"Chang'an University ",34.22584425,108.94459086519265
"Helmholtz Institute Ulm",48.4264024,9.960020766966638
"Parque Cientifico y Tecnologico de Vizcaya",43.295345749999996,-2.866138749537116
"Abbott Laboratories, United States",37.1329051,-79.26796120751845
"Royal Melbourne Hospital",-37.7994048,144.955513
"Gwangju Institute of Science and Technology",35.228155650000005,126.84216615381257
"Deutsches Rheuma Forschungszentrum Berlin",52.5249501,13.3755439
"Dow Chemical Co *",41.40389485,-88.20504118857603
"City University of New York, City College",40.81819805,-73.95100897933364
"Forsyth Institute",42.3636113,-71.0788471
"Hitachi Energy",60.142035449999995,15.174801870706062
"Environment Canada",45.31558355,-75.69103999132763
"AB Volvo *",57.71595725,11.918566135671743
"Osterreichische Akademie der Wissenschaften *",48.208578,16.3780363
"University of Texas, San Antonio",29.583331049999998,-98.6194450505688
"Rush University Medical Center",41.873526049999995,-87.66910150819083
"Instituto de la Grasa de Sevilla",37.31388685,-5.976802066008199
"Centro Superior de Investigacion en Salud Publica *",39.48133675,-0.35324118106900004
"VCU Medical Center",37.540257499999996,-77.43006310233004
"Rensselaer Polytechnic Institute",42.7298969,-73.67966781998861
"Chonnam National University",35.1769099,126.9068927159905
"Ingenierie des Materiaux Polymeres",45.7792989,4.8683394
"Ghent University Hospital",51.02353555,3.7266310296153846
"University of Eastern Finland",62.60435085,29.74223258139789
"Chungnam National University",36.3702471,127.34480918771723
"CIC energiGUNE",42.9110022,-2.6690495385648494
"Anhui University",31.84718745,117.25013410566092
"Gadjah Mada University",-7.7761951,110.3762101
"Telecom ParisTech",48.7131108,2.199685
"Sichuan Agricultural University",30.7094122,103.85966146380142
"Royal Children's Hospital Melbourne",-37.79384975000001,144.9492832924983
"Sherbrooke University *",45.5044656,-73.5733077942731
"Max Planck Institut fur Evolutionare Anthropologie",51.3210522,12.394925046086962
"Fraunhofer Institut fur Angewandte Optik und Feinmechanik",50.908378299999995,11.56796515083049
"Centre Hospitalier Regional Universitaire de Lille *",50.6082981,3.03462175149122
"Corning, USA",42.1435257,-77.0543408
"Max Planck Institut fur Chemische Okologie",50.9107318,11.568594338526108
"Karl Franzens Universitat Graz *",47.077857300000005,15.44984909187254
"Universita della Svizzera Italiana *",46.0109126,8.958120471825609
"USF Health",27.93708615,-82.45906680418031
"Kansas State University",39.20883,-96.58845116318602
"National Institute for Materials Science",36.069908749999996,140.1322023818629
"Universita degli Studi di Salerno",40.75536805,14.780730661641215
"Kobe University *",34.72758,135.23705326057097
"China University of Petroleum, Beijing",40.2182737,116.24139609732731
"University of Louisville *",38.21332235,-85.75770751081866
"National Health Research Institutes",24.70695,120.91475
"Murdoch Children's Research Institute",-37.7934273,144.9489205
"Universita degli Studi della Campania Luigi Vanvitelli",41.06722345,14.33052318025592
"Max Planck Institut fur Festkorperforschung",48.7464665,9.0822059
"Max Planck Institut fur Evolutionsbiologie",54.160255750000005,10.434264328913233
"Ningbo University",29.9091815,121.63348631338262
"Parc de Salut Mar de Barcelona *",41.412754,2.2182326452543144
"Max Planck Institut fur die Physik des Lichts",49.58278375,11.027957327683179
"Anhui Agricultural University",31.8648767,117.25071878356896
"Boeing Co *",38.8031528,-104.5276651
"Institut de Psychiatrie et Neurosciences de Paris",48.8271168,2.3412423
"Institut Catala d'Investigacio Quimica",41.1304614,1.2417156501462787
"Jiangsu Provincial Government *",32.063518,118.7583286
"Universita degli Studi di Messina",38.2296362,15.5511036612824
"Universita Vita-Salute San Raffaele",45.506811,9.26517441766921
"Doheny Eye Institute",34.0609725,-118.20412899339547
"Mario Negri Istituto di Ricerche Farmacologiche",45.499633,9.157576575686614
"Parque Tecnologico de Ciencias de la Salud",37.146914249999995,-3.603827079875096
"Sunnybrook Health Sciences Centre",43.7227482,-79.37554164554223
"Bernhard Nocht Institut fur Tropenmedizin",53.54684175,9.965600915355878
"Helmholtz Zentrum fur Umweltforschung",52.12827645,11.657695980397223
"Institute of Molecular Biology and Biotechnology",14.149701,121.26113806476963
"AO Research Institute",48.1892205,16.4026608
"Peng Cheng Laboratory",22.5751276,113.9383373
"Henry Ford Health System",42.3635796,-83.07496029635752
"Universidad de Valladolid *",41.6516894,-4.7209841
"Institut de Genomique Fonctionnelle",43.635160549999995,3.84667773934415
"Max Planck Institut fur Dynamik Komplexer Technischer Systeme",52.13856265,11.653456746059796
"San Diego State University",32.7761529,-117.07330366921886
"Brunel University",51.5326092,-0.47404989072672915
"Institut de Recherche en Informatique et Systemes Aleatoires",47.644607,-2.7489126544117584
"Universite Paris-Est Creteil *",48.7882159,2.4439218925481594
"Singapore National Eye Centre *",1.2809134,103.8359925290581
"Qilu University of Technology",36.55781435,116.80523101739519
"Gachon University",37.452797950000004,127.13377749227436
"Deutsches Institut fur Ernahrungsforschung Potsdam-Rehbrucke",52.348371150000006,13.105879461394402
"Universitatsklinikum Bonn",50.700016,7.104641914215888
"Fujian Agriculture and Forestry University",26.0879215,119.2422184
"Assistance Publique Hopitaux de Marseille *",43.352162449999994,5.349440901702363
"Technische Universitat Braunschweig",52.2730643,10.528079540788852
"Universitatsklinikum Frankfurt",50.095261300000004,8.661266190671004
"Handong Global University",36.1028379,129.38906365153946
"Auburn University",32.59195285,-85.49597748562812
"Changsha University of Science and Technology",28.0705674,113.00294173447631
"Royal Netherlands Meteorological Institute",52.1015489,5.17820676974601
"Chang Gung University",25.0338385,121.3897739917246
"King Fahd University of Petroleum and Minerals",26.3053184,50.150644860908294
"Universite de Lyon",45.7465087,4.82632507476386
"Universitat Potsdam *",52.40144345,13.008791572617042
"Gobierno de Aragon *",40.3419228,-1.1091035
"University of Ulster",55.1511124,-6.676645428259756
"Carleton University",45.3858581,-75.69500411688679
"Seoul National University Bundang Hospital",37.349249099999994,127.12394069630398
"Ecole Normale Superieure de Paris *",48.8430502,2.346015821392692
"Shriners Hospitals for Children *",45.50113735,-122.68438330498768
"University of Western Sydney",-33.7262508,150.8793332
"Centre Henri Becquerel",49.43966795,1.106901302964207
"Conselleria de Sanitat Universal i Salut Publica Valencia",38.3441005,-0.4869545
"General Motors Company *",43.183720550000004,-77.65671541862488
"Utah State University *",41.752695900000006,-111.808733045283
"University of Tromso - The Arctic University of Norway",69.6819069,18.972490634079904
"Illinois Institute of Technology",41.83616405,-87.62647227745128
"Inha University",37.44944305,126.65344455141604
"Hacettepe University",39.86744815,32.735384518047205
"Eusko Jaurlaritza *",42.858578550000004,-2.688540239325019
"Institut Paoli Calmettes",43.2625038,5.410807564209033
"University of Delhi *",28.6881517,77.2148081
"Ton Duc Thang University",10.7320052,106.69846544359132
"Institute of Science and Technology, Austria",48.3109736,16.258631088976628
"National Center for Atmospheric Research",39.98094125,-105.27486219056127
"Hubei University",30.579616,114.3235106
"Hospital Universitario HM Sanchinarro",40.4904923,-3.6668912450357487
"University Hospitals of Cleveland  *",41.506042050000005,-81.60543704698071
"Gobierno de Navarra  *",42.8158976,-1.6427598
"Universita degli Studi di Trieste",45.6601694,13.794792540211322
"Norwegian Institute of Public Health",59.9343345,10.7455127
"Instituto de Recursos Naturales y Agrobiologia de Sevilla",37.35734385,-5.986976751639857
"Flinders University",-35.02487525,138.57341808329355
"Universita degli Studi di Brescia",45.6884971,10.665320347478744
"Indian Institute of Technology, Kharagpur",22.31442745,87.31039202691741
"European Centre for Disease Prevention and Control",59.3726654,18.017163449999998
"Laboratoire Jean Kuntzmann",45.1902788,5.7670437
"Instituto de Tecnologia Quimica",39.4788884,-0.3396728
"University of Essex",51.87703035,0.9500788585686786
"Universidade de Brasilia",-15.84502125,-48.099459012222276
"Public Health Agency of Canada",43.5412423,-80.2909235
"Fondazione Bruno Kessler",46.06692965,11.151371981588072
"University of Arkansas, Fayetteville",36.09352375,-94.17708979491738
"Ewha Womans University *",37.5643371,126.94689253689391
"Children's Healthcare of Atlanta ",33.8345577,-84.32753010983629
"Universitatsklinikum Munster",51.960550999999995,7.59603035453143
"Indian Institute of Technology, Delhi",28.54499705,77.18915056744521
"Stevens Institute of Technology",40.744809599999996,-74.0252392276461
"New York University, Abu Dhabi",24.5236109,54.434944044980355
"Mashhad University of Medical Sciences",36.313651050000004,59.53593726492076
"Institut de Recherche sur le Cancer de Lille *",50.61266915,3.0349784344736874
"Centre Tecnologic de Telecomunicacions de Catalunya",41.27492475,1.9877285500000015
"Taipei Veterans General Hospital",25.12101415,121.51972460124574
"European Space Agency *",48.84813895,2.304303137855893
"Universidad Europea de Madrid *",40.3727017,-3.918582322575328
"James Cook University *",-19.328961800000002,146.75664498994468
"Liverpool John Moores University",53.41238439999999,-2.980926958955171
"Finnish Meteorological Institute",60.2036887,24.9612813
"Marine Biological Laboratory",41.5256249,-70.6723967
"Laboratoire de Genie Chimique de Toulouse",43.554743200000004,1.5007501542717414
"Unilever, United Kingdom",51.5117203,-0.10503844818716918
"University of Kentucky HealthCare",38.0310772,-84.5093899
"University of Nevada-Reno",39.5442688,-119.81631051527071
"Peking Union Medical College Hospital Beijing",39.911637549999995,116.40965756114223
"Hong Kong Baptist University",22.33798795,114.18262590878285
"Centro de Edafologia y Biologia Aplicada del Segura",38.02305735,-1.1719583385199903
"Shandong Agricultural University",36.20140605,117.1221673361147
"Instituto Oswaldo Cruz",-23.2102123,-45.8764544
"Universita Politecnica delle Marche",42.91598605,13.901640414811006
"University of Kansas Medical Center",39.0571097,-94.60954381173707
"Texas Children's Hospital ",29.7069019,-95.40233496376148
"University of Technology, Malaysia",2.4888799500000003,102.72857693682488
"Diamond Light Source",51.5742753,-1.3118193269604386
"Korea Food Research Institute",35.83594415,127.04955739311632
"Honda Motor Co Ltd *",35.877031849999995,139.44083724803158
"Philipps-Universitat Marburg *",50.8124763,8.772234461351456
"West China Hospital of Stomatology",30.64435335,104.06292354485959
"Max Planck Institut fur Biologische Kybernetik",48.5369125,9.059225327433959
"Ruijin Hospital",31.2206121,121.46794816779513
"National University of Ireland, Galway",53.2936337,-9.075059919448318
"University of Mississippi *",34.3646125,-89.53963491020966
"University of Iowa Health Care",41.6598913,-91.54789998653388
"University of Johannesburg",-26.18493745,27.99979246435022
"Tabriz University of Medical Sciences",36.2753549,59.6114006
"Hainan University",20.05835675,110.32277577414327
"Smithsonian Environmental Research Center",38.879373799999996,-76.55772989350773
"Nanjing Normal University",32.11602135,118.91020833898772
"National Taiwan University of Science and Technology",25.013410999999998,121.54161978429028
"Renmin Hospital of Wuhan University",30.53777625,114.29389892130465
"The Ottawa Hospital  *",45.40180795,-75.64648499814479
" Centre Hospitalier de l'Universite de Montreal",45.51164865,-73.55676973698195
"Juntendo University *",35.702247299999996,139.76029363758
"Volkswagen AG, Germany",52.458324950000005,10.766215123565168
"Atrium Health *",35.44291545,-80.8850400007585
"Universita degli Studi di Siena",43.3193093,11.3328416
"Nicolaus Copernicus University",53.02118445,18.568808197956635
"National Center of Neurology and Psychiatry",35.7372988,139.4754976895078
"Max Planck Institut fur Chemische Physik Fester Stoffe",51.026203800000005,13.71869463398578
"Heriot-Watt University *",55.91029585,-3.323447514558347
"Chonbuk National University *",35.84899295,127.12774108851413
"Instituto Tecnologico y de Estudios Superiores de Monterrey *",25.6534716,-100.29173891764339
"Yeungnam University",35.828022,128.75722234144462
"Bar-Ilan University",32.069329249999996,34.84334338615306
"State University of New York at Binghamton",42.08779975,-75.97066065614858
"Chiba University *",35.62786925,140.1034657491585
"Paul Scherrer Institute",47.53907445,8.223101421066811
"University of Portsmouth",50.795245,-1.0935528683212405
"Haukeland University Hospital",60.37358075,5.359049775587874
"Kwangwoon University",37.622156849999996,127.05647719999999
"The Open University",52.02453775,-0.7092748093945007
"Zhejiang Sci-Tech University",30.31545455,120.3486958081547
"University of Tennessee Health Science Center",35.1393168,-90.0313529
"Institut de Chimie de la Matiere Condensee de Bordeaux",44.8021586,-0.6138372294901424
"University of Vermont",44.4737365,-73.19414679705882
"Duy Tan University",16.06005675,108.20967039882527
"National Academy of Sciences of Ukraine *",50.4505671,30.5289007
"Institut Polytechnique de Grenoble *",45.1908798,5.7169733
"Universitat Rovira i Virgili *",41.12268315,1.2501586736136532
"Institut de Biologie de l'Ecole Normale Superieure",48.8420838,2.3438561421205204
"Northeast Forestry University",45.7186275,126.62873852052452
"Taipei Medical University",25.025266600000002,121.56146488416101
"Kaiser Permanente Medical Center, San Francisco",37.7828619,-122.44065908679704
"Chiang Mai University",18.80092635,98.95215523032442
"Instituto Israelita de Ensino e Pesquisa Albert Einstein",-23.596060350000002,-46.736851266544555
"Bilkent University",39.87046905,32.753919338337425
"Plymouth University",50.3749616,-4.1376592
"ExxonMobil *",51.24803815,4.34782222737554
"Universita degli Studi di Cagliari",39.22182575,9.110659366821348
"Budapest University of Technology and Economics",47.47844135,19.057715351946257
"Xunta de Galicia *",42.888976,-8.533814827272726
"Austrian Institute of Technology",47.97468325,16.507779049840728
"Dublin City University",53.386489499999996,-6.25926073106762
"Inova Fairfax Hospital",38.8574108,-77.22849480984827
"Barcelona Supercomputing Center *",41.38978085,2.1163868255703755
"Generalitat Valenciana *",39.47379755,-0.3638153139884918
"National Defense Medical Center",25.0711674,121.59703428312872
"Novartis Pharmaceuticals, United States",37.518940650000005,-122.2664730389642
"Sylhet Agricultural University",24.910879,91.90178841876681
"Wenzhou University",27.9239166,120.65134304533899
"Sciences Chimiques de Rennes",48.1206347,-1.6336532779206847
"Guangzhou University of Traditional Chinese Medicine *",23.0601613,113.4050267
"Centre de Cooperation Internationale en Recherche Agronomique pour le Developpement *",43.6497674,3.869102055859373
"Odense University Hospital",55.38559865,10.36411580863836
"Universitat Jaume I *",39.994311999999994,-0.07139616293945164
"Empresa Brasileira de Pesquisa Agropecuaria *",-25.32225105,-49.15805462078571
"Manipal University",2.22576485,102.26711269724359
"Institut des Systemes Intelligents et de Robotique",48.8456898,2.3567338999999956
"VA Palo Alto Health Care System",37.40555365,-122.14081784790045
"Sandia National Laboratories, California",37.67365165,-121.70720959934023
"Syngenta *",43.74376635,1.3920405431203933
"Max Planck Institut fur Dynamik und Selbstorganisation",51.560557450000005,9.9678057438
"Universite Clermont-Auvergne",45.7610927,3.1128789
"Centre Hospitalier Universitaire de Quebec",45.39944815,-71.87869159770563
"Fundacao Calouste Gulbenkian *",38.737289399999995,-9.154802092502695
"Shandong Normal University",36.5414035,116.82640908020991
"Fraunhofer Institut fur Angewandte Informationstechnik",50.7495001,7.2035029
"Brigham Young University",40.25501105,-111.64968264312222
"Istituto di Biostrutture e Bioimmagini",40.8688147,14.2220263
"China Electric Power Research Institute",40.0387975,116.3414176
"Texas Tech University",33.59375255,-101.89959552302756
"Shaanxi University of Science and Technology",34.36719635,109.18826171371035
"Ecole Nationale Superieure de Chimie de Montpellier *",43.6350079,3.8656703
"Instituto Aggeu Magalhaes",-8.0491277,-34.94904103150411
"Helmholtz-Zentrum fur Informationssicherheit",49.25926895,7.05066978845548
"Universidad de Alcala *",40.4823302,-3.363064202743788
"Xi'an University of Technology",34.25468385,108.98854097663025
"Kangwon National University *",37.8672582,127.74474866361328
"Penn State Milton S. Hershey Medical Center",40.265386199999995,-76.67321279234645
"University of Oregon",44.04441965,-123.07176029673084
"Universitat Bremen *",53.107964550000005,8.855664592828369
"U.S. Air Force",36.53520455,-115.56531662797519
"Max Planck Institut fur Meteorologie",53.567555,9.9749697
"University of Texas, Arlington",32.728471299999995,-97.11202127009975
"Universidad de Castilla-La Mancha *",38.9969805,-3.917926657779383
"Universidade Federal de Sao Paulo *",-23.5992708,-46.64309241171101
"Rede D��Or Sao Luiz *",-23.591047500000002,-46.7035454
"Veterinary Research Institute",31.55079345,74.39949789499727
"Instituto de Agricultura Sostenible ",37.859688649999995,-4.796940640465058
"UCSF Benioff Children's Hospital",37.7647716,-122.3896641
"GE Healthcare",48.7672864,2.1252168887432394
"Institut Bergonie *",44.823743050000004,-0.5807603782812885
"Simula Research Laboratory",59.894979,10.629009
"Anhui Medical University *",31.8512134,117.25763932024238
"Universita degli Studi di Ferrara",44.8333777,11.6263972
"Istituto Ortopedico Galeazzi",45.5229217,9.17391380858763
"Massachusetts Eye and Ear Infirmary ",42.362633,-71.070327
"Centre de Recherche Saint Antoine",45.510673600000004,-73.55609042929666
"Population Health Research Institute",43.2628944,-79.85365283535724
"Universite de Bourgogne *",47.3133052,5.068862575081764
"Institut National des Sciences Appliquees de Rennes *",48.1220353,-1.635550808802817
"Coventry University",52.4056372,-1.4997222676795412
"Fraunhofer Institut fur Produktionstechnik und Automatisierung",48.741548800000004,9.097001404174783
"Max Planck Institute fur Gravitationsphysik",52.41635775,12.970117875090246
"Indian Institute of Technology, Bombay *",19.13261855,72.91497912536826
"Ministry of Health",2.9424432,101.7073031
"Hackensack University Medical Center",40.8837051,-74.05594087673457
"University of Huddersfield",53.6428959,-1.7781768079827107
"Kaiser Permanente, Oakland *",37.80761065,-122.26663348200199
"United Nations International Children's Emergency Fund *",-6.7696659,39.2744462
"State University of New York, Albany",42.6840271,-73.82587727551194
"Hopital Erasme",50.8138125,4.2649348787207675
"Istituto Oncologico Veneto",45.401705050000004,11.893150743059273
"National Cancer Center",35.665517449999996,139.76767141156606
"Cliniques Universitaires Saint-Luc",50.851809,4.453697299931784
"Max Planck Institut fur Physik Komplexer Systeme",51.02612075,13.716782789345341
"Instituto Mexicano del Seguro Social *",22.045757950000002,-98.18676361006251
"Institut d'Electronique et des Technologies du Numerique",48.1168571,-1.641123
"Romanian Academy *",44.446435449999996,26.090087832478453
"Max Planck Institut fur Extraterrestrische Physik",48.2616561,11.6718026
"University of Akron",41.07573825,-81.51145320375983
"Oklahoma State University, Stillwater *",36.128476750000004,-97.08398055028107
"Rural Development Administration *",37.6800132,128.7315443
"Sir Mortimer B. Davis Jewish General Hospital",45.49684885,-73.63041579891419
"Nanfang Hospital",23.190899100000003,113.32557347464365
"Khalifa University *",24.4479513,54.39552668551741
"Kennedy Krieger Institute",39.2998731,-76.59327771844121
"Hospital Israelita Albert Einstein",-23.5332675,-46.675482359079446
"Memorial University of Newfoundland",47.5732831,-52.7351911
"Tennessee Valley Healthcare System",36.141127049999994,-86.80394529388875
"Liverpool Hospital ",-33.9202595,150.930678912651
"Indiana University Health",39.7807424,-86.1589993
"Institute of Microelectronics",22.1350502,113.5453734
"State University of Bangladesh",23.75154,90.367356
"Institut de Chimie de Strasbourg",48.6066531,7.714431586078835
"Ministerio de Ciencia e Innovacion *",-33.4406982,-70.6537889
"Food and Agriculture Organization of the United Nations",41.882782,12.4887255
"Universidad de Antioquia *",6.26822125,-75.56872899189896
"RISE Research Institutes of Sweden *",57.7056629,11.9362353
"Laboratoire d'Informatique de Paris 6",48.847016,2.3544647
"University of Shanghai for Science and Technology",31.29501605,121.55067391001644
"Beijing Forestry University",40.00287495,116.33548042757499
"VA San Diego Healthcare System",32.87487075,-117.23158229717512
"Ministry of Health",2.9424432,101.7073031
"National Cheng Kung University Hospital",23.002074,120.21974376366737
"National Institute of Information and Communications Technology",36.447757,136.5905927
"Okayama University *",34.6889507,133.9220318952756
"Toyota Technological Institute",41.7847298,-87.5924647
"Ecole Pratique des Hautes Etudes",50.8500061,4.448432078129129
"International Institute of Information Technology, Hyderabad",17.4454957,78.34854697544472
"Smithsonian Conservation Biology Institute",38.8847957,-78.14619675708981
"University of Rhode Island",41.487296900000004,-71.5344649840152
"National Chung Hsing University",24.12083425,120.67571183591568
"Folkhalsan",60.18695975,24.913850915149574
"Airbus SAS *",32.91035,-97.3833796
"University of North Texas",33.2098926,-97.15147624977251
"Centre Hospitalier Universitaire de Montpellier *",43.67504945,4.1314789026884355
"U.S. Army *",40.60092495,-74.05991656646518
"International Iberian Nanotechnology Laboratory",41.5552433,-8.398635730126134
"University of Jyvaskyla",62.22902785,25.740036905054723
"Michigan Technological University",47.1099114,-88.55115132129092
"Indian Institute of Technology, Madras",12.99415605,80.2366825512945
"Adam Mickiewicz University",78.6857465,16.4568715
"McLean Hospital",42.393267949999995,-71.19024470958927
"Instituto Smithsonian de Investigaciones Tropicales",8.963261200000002,-79.54364223875658
"Grenoble Institut des Neurosciences",45.198626,5.744170840901852
"Augusta University *",33.4693345,-81.988562
"Universitatsklinikum Leipzig",51.3301304,12.388615292637777
"University of Szeged",46.25004545,20.146503351468105
"Instituto Carlos Chagas",-18.7793735,-42.9392304
"Public Health Ontario",45.383588200000005,-75.62462123348334
"Hangzhou Normal University *",30.2564553,120.31414249679304
"Hallym University *",37.88611985,127.73865059232926
"Ankara University",40.13115845,32.951216140610825
"University of Lodz",51.7761243,19.4856211
"Technische Universitat Dortmund *",51.49148435,7.4122738886856805
"Centre Antoine Lacassagne *",43.724592,7.28071631763979
"Junta de Comunidades de Castilla-La Mancha Ciudad Real",38.9825782,-3.9310224768214392
"Ospedale Policlinico San Martino",44.4094689,8.973088277513845
"Huaqiao University",24.6006034,118.0817524
"Swiss Federal Institute of Aquatic Science and Technology",47.0023402,8.332862639074161
"Tokyo Metropolitan Institute of Medical Science",35.66404435,139.6224667718193
"National Energy Technology Laboratory",39.74221455,-105.17172682880474
"Rochester Institute of Technology *",43.0826701,-77.67293215211362
"Yanshan University",25.0671259,110.29498078819903
"Universidad de La Rioja *",42.464783,-2.426407538683442
